{"cameraMode":{"drawMode":0,"name":"Shaded","section":"Shading Mode"},"sceneLighting":false,"audioPlay":false,"sceneViewState":{"showFog":true,"showMaterialUpdate":false,"showSkybox":false,"showFlares":true,"showImageEffects":true,"showParticleSystems":true},"in2DMode":false,"pivot":{"x":9.966182708740235,"y":1.380880355834961,"z":81.68000030517578},"rotation":{"x":-0.11569304019212723,"y":0.5520119071006775,"z":-0.07768330723047257,"w":-0.8221091032028198},"size":5.71577787399292,"orthographic":false}