{"cameraMode":{"drawMode":2,"name":"Shaded Wireframe","section":"Shading Mode"},"sceneLighting":true,"audioPlay":false,"sceneViewState":{"showFog":true,"showMaterialUpdate":false,"showSkybox":true,"showFlares":true,"showImageEffects":true,"showParticleSystems":true},"in2DMode":false,"pivot":{"x":305.06268310546877,"y":5.5130696296691898,"z":842.3174438476563},"rotation":{"x":0.019635742530226709,"y":-0.7244073748588562,"z":-0.020651184022426606,"w":-0.6887829899787903},"size":68.96075439453125,"orthographic":false}