{"cameraMode":{"drawMode":0,"name":"Shaded","section":"Shading Mode"},"sceneLighting":false,"audioPlay":false,"sceneViewState":{"showFog":true,"showMaterialUpdate":false,"showSkybox":false,"showFlares":true,"showImageEffects":true,"showParticleSystems":true},"in2DMode":false,"pivot":{"x":967.8994750976563,"y":2.634232759475708,"z":-0.5645179748535156},"rotation":{"x":0.02188352681696415,"y":-0.020694414153695108,"z":-0.0004530668957158923,"w":-0.9995462894439697},"size":23.70138931274414,"orthographic":false}