{"cameraMode":{"drawMode":0,"name":"Shaded","section":"Shading Mode"},"sceneLighting":false,"audioPlay":false,"sceneViewState":{"showFog":true,"showMaterialUpdate":false,"showSkybox":false,"showFlares":true,"showImageEffects":true,"showParticleSystems":true},"in2DMode":false,"pivot":{"x":7.5,"y":186.09974670410157,"z":211.3000030517578},"rotation":{"x":-0.13021104037761689,"y":0.4939619302749634,"z":0.07510478794574738,"w":0.8563912510871887},"size":31.39357566833496,"orthographic":false}