{"cameraMode":{"drawMode":0,"name":"Shaded","section":"Shading Mode"},"sceneLighting":true,"audioPlay":false,"sceneViewState":{"showFog":true,"showMaterialUpdate":false,"showSkybox":true,"showFlares":true,"showImageEffects":true,"showParticleSystems":true},"in2DMode":false,"pivot":{"x":-0.07172012329101563,"y":-40.039947509765628,"z":-291.10205078125},"rotation":{"x":-0.0012301994720473886,"y":-0.9927548170089722,"z":0.11971715837717056,"w":-0.010210111737251282},"size":204.5260467529297,"orthographic":false}