{"cameraMode":{"drawMode":0,"name":"Shaded","section":"Shading Mode"},"sceneLighting":false,"audioPlay":false,"sceneViewState":{"showFog":true,"showMaterialUpdate":false,"showSkybox":false,"showFlares":true,"showImageEffects":true,"showParticleSystems":true},"in2DMode":false,"pivot":{"x":950.2970581054688,"y":-10.104544639587403,"z":-17.632848739624025},"rotation":{"x":-0.03737190365791321,"y":0.942969799041748,"z":-0.31072232127189639,"w":-0.11341504752635956},"size":28.578962326049806,"orthographic":false}