{"cameraMode":{"drawMode":0,"name":"Shaded","section":"Shading Mode"},"sceneLighting":true,"audioPlay":false,"sceneViewState":{"showFog":true,"showMaterialUpdate":false,"showSkybox":true,"showFlares":true,"showImageEffects":true,"showParticleSystems":true},"in2DMode":false,"pivot":{"x":-22.297666549682618,"y":1.0605294704437256,"z":36.651893615722659},"rotation":{"x":0.014024478383362294,"y":0.9857913255691528,"z":0.10836653411388397,"w":-0.12757600843906403},"size":3.3128654956817629,"orthographic":false}