{"cameraMode":{"drawMode":0,"name":"Shaded","section":"Shading Mode"},"sceneLighting":false,"audioPlay":false,"sceneViewState":{"showFog":true,"showMaterialUpdate":false,"showSkybox":false,"showFlares":true,"showImageEffects":true,"showParticleSystems":true},"in2DMode":false,"pivot":{"x":1.1481714248657227,"y":4.295213222503662,"z":-0.7218713760375977},"rotation":{"x":-0.17919515073299409,"y":-0.6459070444107056,"z":0.15971313416957856,"w":-0.7246965169906616},"size":6.889978408813477,"orthographic":false}