{"cameraMode":{"drawMode":0,"name":"Shaded","section":"Shading Mode"},"sceneLighting":false,"audioPlay":false,"sceneViewState":{"showFog":true,"showMaterialUpdate":false,"showSkybox":false,"showFlares":true,"showImageEffects":true,"showParticleSystems":true},"in2DMode":false,"pivot":{"x":7.629816055297852,"y":0.43261969089508059,"z":-3.436579942703247},"rotation":{"x":-0.025861069560050966,"y":-0.7801494598388672,"z":0.03232122212648392,"w":-0.6242222189903259},"size":14.363839149475098,"orthographic":false}