{"cameraMode":{"drawMode":0,"name":"Shaded","section":"Shading Mode"},"sceneLighting":false,"audioPlay":false,"sceneViewState":{"showFog":true,"showMaterialUpdate":false,"showSkybox":false,"showFlares":true,"showImageEffects":true,"showParticleSystems":true},"in2DMode":false,"pivot":{"x":-1.899891972541809,"y":0.15536412596702577,"z":1.8880964517593384},"rotation":{"x":-0.031083321198821069,"y":0.6263700723648071,"z":-0.02500884234905243,"w":-0.7785043716430664},"size":1.495365858078003,"orthographic":false}