{"cameraMode":{"drawMode":0,"name":"Shaded","section":"Shading Mode"},"sceneLighting":false,"audioPlay":false,"sceneViewState":{"showFog":true,"showMaterialUpdate":false,"showSkybox":false,"showFlares":true,"showImageEffects":true,"showParticleSystems":true},"in2DMode":false,"pivot":{"x":-1.060917854309082,"y":2.603292465209961,"z":-2.883223533630371},"rotation":{"x":0.0000060095176195318349,"y":-0.9999938607215881,"z":-0.002094326773658395,"w":-0.0028201653622090818},"size":9.612259864807129,"orthographic":false}