{"cameraMode":{"drawMode":0,"name":"Shaded","section":"Shading Mode"},"sceneLighting":false,"audioPlay":false,"sceneViewState":{"showFog":true,"showMaterialUpdate":false,"showSkybox":false,"showFlares":true,"showImageEffects":true,"showParticleSystems":true},"in2DMode":false,"pivot":{"x":-0.04053902626037598,"y":4.975624084472656,"z":-0.5216443538665772},"rotation":{"x":0.010678020305931569,"y":0.9855838418006897,"z":-0.06812476366758347,"w":0.15449748933315278},"size":17.906282424926759,"orthographic":false}