{"cameraMode":{"drawMode":0,"name":"Shaded","section":"Shading Mode"},"sceneLighting":false,"audioPlay":false,"sceneViewState":{"showFog":true,"showMaterialUpdate":false,"showSkybox":false,"showFlares":true,"showImageEffects":true,"showParticleSystems":true},"in2DMode":false,"pivot":{"x":-0.5526957511901856,"y":4.564772605895996,"z":-3.7389039993286135},"rotation":{"x":0.00009689760918263346,"y":0.999682605266571,"z":-0.0039049657061696054,"w":0.024890970438718797},"size":7.513055324554443,"orthographic":false}