{"cameraMode":{"drawMode":0,"name":"Shaded","section":"Shading Mode"},"sceneLighting":false,"audioPlay":false,"sceneViewState":{"showFog":true,"showMaterialUpdate":false,"showSkybox":false,"showFlares":true,"showImageEffects":true,"showParticleSystems":true},"in2DMode":false,"pivot":{"x":-1.4469048976898194,"y":3.939112901687622,"z":-1.622925043106079},"rotation":{"x":0.015271470881998539,"y":0.9097046256065369,"z":-0.033588532358407977,"w":0.4136134386062622},"size":6.889978408813477,"orthographic":false}