{"cameraMode":{"drawMode":0,"name":"Shaded","section":"Shading Mode"},"sceneLighting":false,"audioPlay":false,"sceneViewState":{"showFog":true,"showMaterialUpdate":false,"showSkybox":false,"showFlares":true,"showImageEffects":true,"showParticleSystems":true},"in2DMode":false,"pivot":{"x":1.1355078220367432,"y":0.1799626350402832,"z":-7.220637798309326},"rotation":{"x":0.008108776062726975,"y":0.9906159043312073,"z":-0.06786935031414032,"w":0.11835647374391556},"size":14.363839149475098,"orthographic":false}