{"cameraMode":{"drawMode":0,"name":"Shaded","section":"Shading Mode"},"sceneLighting":false,"audioPlay":false,"sceneViewState":{"showFog":true,"showMaterialUpdate":false,"showSkybox":false,"showFlares":true,"showImageEffects":true,"showParticleSystems":true},"in2DMode":false,"pivot":{"x":0.5775564908981323,"y":0.26594457030296328,"z":-3.4134089946746828},"rotation":{"x":-0.07641486078500748,"y":-0.6394636034965515,"z":0.06409958004951477,"w":-0.7623242735862732},"size":9.612259864807129,"orthographic":false}