{"cameraMode":{"drawMode":0,"name":"Shaded","section":"Shading Mode"},"sceneLighting":false,"audioPlay":false,"sceneViewState":{"showFog":true,"showMaterialUpdate":false,"showSkybox":false,"showFlares":true,"showImageEffects":true,"showParticleSystems":true},"in2DMode":false,"pivot":{"x":-2.821732759475708,"y":0.4316161274909973,"z":1.5034929513931275},"rotation":{"x":0.015096072107553482,"y":0.8721256256103516,"z":-0.026962298899888994,"w":0.48830533027648928},"size":2.0953657627105715,"orthographic":false}