{"cameraMode":{"drawMode":0,"name":"Shaded","section":"Shading Mode"},"sceneLighting":false,"audioPlay":false,"sceneViewState":{"showFog":true,"showMaterialUpdate":false,"showSkybox":false,"showFlares":true,"showImageEffects":true,"showParticleSystems":true},"in2DMode":false,"pivot":{"x":201.27088928222657,"y":63.226314544677737,"z":-181.51473999023438},"rotation":{"x":-0.04130085930228233,"y":0.9383309483528137,"z":-0.12058461457490921,"w":-0.32138556241989138},"size":2.8578836917877199,"orthographic":false}