{"cameraMode":{"drawMode":0,"name":"Shaded","section":"Shading Mode"},"sceneLighting":false,"audioPlay":false,"sceneViewState":{"showFog":true,"showMaterialUpdate":false,"showSkybox":false,"showFlares":true,"showImageEffects":true,"showParticleSystems":true},"in2DMode":false,"pivot":{"x":-1.5875171422958375,"y":1.1382372379302979,"z":-3.668966293334961},"rotation":{"x":0.00014895496133249253,"y":-0.9995109438896179,"z":0.03090323507785797,"w":0.004787196405231953},"size":11.036093711853028,"orthographic":false}