{"cameraMode":{"drawMode":0,"name":"Shaded","section":"Shading Mode"},"sceneLighting":true,"audioPlay":false,"sceneViewState":{"showFog":true,"showMaterialUpdate":false,"showSkybox":true,"showFlares":true,"showImageEffects":true,"showParticleSystems":true},"in2DMode":false,"pivot":{"x":-7.820680618286133,"y":-1.092989444732666,"z":-0.8034383654594421},"rotation":{"x":-0.052500516176223758,"y":0.9334688782691956,"z":-0.3200502097606659,"w":-0.15312547981739045},"size":20.99199676513672,"orthographic":false}