{"cameraMode":{"drawMode":0,"name":"Shaded","section":"Shading Mode"},"sceneLighting":true,"audioPlay":false,"sceneViewState":{"showFog":true,"showMaterialUpdate":false,"showSkybox":true,"showFlares":true,"showImageEffects":true,"showParticleSystems":true},"in2DMode":false,"pivot":{"x":1.4500060081481934,"y":-9.893889427185059,"z":-102.10039520263672},"rotation":{"x":0.010678020305931569,"y":0.9855839014053345,"z":-0.06812477111816406,"w":0.15449750423431397},"size":24.625940322875978,"orthographic":false}