{"cameraMode":{"drawMode":0,"name":"Shaded","section":"Shading Mode"},"sceneLighting":false,"audioPlay":false,"sceneViewState":{"showFog":true,"showMaterialUpdate":false,"showSkybox":false,"showFlares":true,"showImageEffects":true,"showParticleSystems":true},"in2DMode":false,"pivot":{"x":-7.446686744689941,"y":-1.5002715587615967,"z":-4.668441295623779},"rotation":{"x":0.03178435564041138,"y":-0.9237670302391052,"z":0.0786219984292984,"w":0.3734472990036011},"size":14.363839149475098,"orthographic":false}