{"cameraMode":{"drawMode":0,"name":"Shaded","section":"Shading Mode"},"sceneLighting":true,"audioPlay":false,"sceneViewState":{"showFog":true,"showMaterialUpdate":false,"showSkybox":true,"showFlares":true,"showImageEffects":true,"showParticleSystems":true},"in2DMode":false,"pivot":{"x":192.61094665527345,"y":-81.45952606201172,"z":466.1329345703125},"rotation":{"x":0.13805951178073884,"y":0.11854507774114609,"z":-0.01664627529680729,"w":0.983163058757782},"size":732.7052001953125,"orthographic":false}