{"cameraMode":{"drawMode":0,"name":"Shaded","section":"Shading Mode"},"sceneLighting":false,"audioPlay":false,"sceneViewState":{"showFog":true,"showMaterialUpdate":false,"showSkybox":false,"showFlares":true,"showImageEffects":true,"showParticleSystems":true},"in2DMode":false,"pivot":{"x":-0.29890602827072146,"y":-2.9822492599487306,"z":-7.879086971282959},"rotation":{"x":-0.005072812549769878,"y":0.9882853031158447,"z":-0.14876414835453034,"w":-0.03370001167058945},"size":13.63430118560791,"orthographic":false}