{"cameraMode":{"drawMode":0,"name":"Shaded","section":"Shading Mode"},"sceneLighting":false,"audioPlay":false,"sceneViewState":{"showFog":true,"showMaterialUpdate":false,"showSkybox":false,"showFlares":true,"showImageEffects":true,"showParticleSystems":true},"in2DMode":false,"pivot":{"x":0.22595959901809693,"y":1.6613202095031739,"z":0.3269379138946533},"rotation":{"x":0.029603511095046998,"y":-0.9410881400108337,"z":0.3258313536643982,"w":0.08550283312797547},"size":4.333559036254883,"orthographic":false}