{"cameraMode":{"drawMode":0,"name":"Shaded","section":"Shading Mode"},"sceneLighting":false,"audioPlay":false,"sceneViewState":{"showFog":true,"showMaterialUpdate":false,"showSkybox":false,"showFlares":true,"showImageEffects":true,"showParticleSystems":true},"in2DMode":false,"pivot":{"x":-0.04660159349441528,"y":0.8926932215690613,"z":-0.934179425239563},"rotation":{"x":-0.033840641379356387,"y":-0.39831751585006716,"z":0.014707030728459359,"w":-0.9165051579475403},"size":14.363839149475098,"orthographic":false}