{"cameraMode":{"drawMode":0,"name":"Shaded","section":"Shading Mode"},"sceneLighting":false,"audioPlay":false,"sceneViewState":{"showFog":true,"showMaterialUpdate":false,"showSkybox":false,"showFlares":true,"showImageEffects":true,"showParticleSystems":true},"in2DMode":false,"pivot":{"x":1.1191540956497193,"y":4.311966896057129,"z":-1.8768315315246583},"rotation":{"x":0.001048118807375431,"y":0.9972401857376099,"z":-0.07283413410186768,"w":0.014355274848639965},"size":7.513055324554443,"orthographic":false}